{
  "pages": [{
    "path": "pages/home/index",
    "style": {
      "enablePullDownRefresh": false
    }
  }, {
    "path": "pages/cate/index",
    "style": {
      "enablePullDownRefresh": false
    }
  }, {
    "path": "pages/cart/index",
    "style": {
      "enablePullDownRefresh": false
    }
  }, {
    "path": "pages/user/index",
    "style": {
      "enablePullDownRefresh": false
    }
  }],
  "subPackages": [{
    "root": "subpkg",
    "pages": [{
      "path": "goods-detail/index",
      "style": {
        "navigationBarTitleText": "",
        "enablePullDownRefresh": false
      }
    }, {
      "path": "goods-list/index",
      "style": {
        "navigationBarTitleText": "",
        "enablePullDownRefresh": false
      }
    }]
  }],
  "globalStyle": {
    "navigationBarTextStyle": "white",
    "navigationBarTitleText": "优购商城",
    "navigationBarBackgroundColor": "#C00000",
    "backgroundColor": "#FFFFFF"
  },
  "tabBar": {
    "selectedColor": "#C00000",
    "list": [{
        "pagePath": "pages/home/index",
        "text": "首页",
        "iconPath": "static/tab-icons/home.png",
        "selectedIconPath": "static/tab-icons/home-active.png"
      },
      {
        "pagePath": "pages/cate/index",
        "text": "分类",
        "iconPath": "static/tab-icons/cate.png",
        "selectedIconPath": "static/tab-icons/cate-active.png"
      },
      {
        "pagePath": "pages/cart/index",
        "text": "购物车",
        "iconPath": "static/tab-icons/cart.png",
        "selectedIconPath": "static/tab-icons/cart-active.png"
      },
      {
        "pagePath": "pages/user/index",
        "text": "我的",
        "iconPath": "static/tab-icons/user.png",
        "selectedIconPath": "static/tab-icons/user-active.png"
      }
    ]
  }
}
